{
  "accuracy": 0.992160349147337,
  "precision": 0.9936117170458086,
  "recall": 0.9912948857453754,
  "f1": 0.9924519492646486,
  "auc": 0.9996010417664388,
  "confusion_matrix": [
    [
      5899,
      41
    ],
    [
      56,
      6377
    ]
  ],
  "support": {
    "legitimate": 5940,
    "phishing": 6433
  }
}